id;health_id;type_id;title;orders;health_picture;health_picture_src;start_time;end_time;create_by;create_name;create_time;create_dept_id;create_dept_name;modify_by;modify_name;modify_time;modify_dept_id;modify_dept_name;content_type;url
1;7707;73227;Sports;37258;Islands firmware;North Carolina;2020-01-06T06:42:44;2020-01-05T20:51:05;tan Organic;Rue;2020-01-05T09:30:22;Chips protocol Fantastic;Berkshire;world-class architecture Investment Account;benchmark USB;2020-01-06T06:57:14;Illinois;Senior;Oklahoma;http://arianna.name
2;65479;91975;wireless Maryland orchid;22884;forecast;User-centric Garden;2020-01-05T15:57:42;2020-01-06T06:22:17;Fantastic Soft Gloves;transmit Georgia;2020-01-06T07:18:54;Auto Loan Account;bandwidth ADP Bedfordshire;back-end Chair;Generic;2020-01-06T08:20:21;24/7;emulation Administrator Pizza;Handcrafted;https://barton.org
3;4182;84839;Checking Account applications;35044;Mouse Practical;impactful;2020-01-05T18:36:22;2020-01-05T11:35:20;monetize killer;optical;2020-01-05T19:16:00;RSS;Buckinghamshire;Computers;Electronics;2020-01-06T06:55:23;Optimization deposit Pike;Cove;budgetary management asymmetric;https://layne.com
4;25897;65028;Iraq Cheese blue;25327;California Pants;Tasty Wooden Towels generating;2020-01-06T01:21:22;2020-01-05T20:03:24;Georgia Senior;Checking Account Belize;2020-01-06T05:21:02;Analyst Liberia Curve;card Director;Maine Tasty withdrawal;HTTP Licensed Rubber Mouse Granite;2020-01-06T04:54:04;Bike green foreground;Personal Loan Account;Gardens;https://terrill.org
5;52150;88809;New Hampshire;62564;payment Planner Granite;Cambridgeshire;2020-01-05T14:54:58;2020-01-05T15:09:08;sensor;quantifying AGP JBOD;2020-01-05T10:56:11;Creative;Mayotte Practical Ameliorated;withdrawal Metal copy;generate SCSI driver;2020-01-06T07:25:50;Triple-buffered red cultivate;withdrawal overriding;payment invoice;https://serenity.com
6;9923;3233;Regional Functionality;92899;encryption invoice;Isle of Man neutral;2020-01-05T10:06:35;2020-01-05T17:53:06;brand;Global;2020-01-05T21:28:57;indexing;Decentralized Syrian Arab Republic Checking Account;Squares;Credit Card Account bi-directional platforms;2020-01-05T22:07:27;indigo Well;Internal Tugrik Investor;Lead synergies;https://maryam.info
7;85291;35178;Practical Wooden Pizza;41439;repurpose Human;Burgs Sleek Metal Shirt seamless;2020-01-05T08:58:50;2020-01-05T18:02:59;compress Buckinghamshire connect;Supervisor;2020-01-05T22:51:51;Right-sized reboot plug-and-play;generate cross-platform Internal;Tasty;input Fully-configurable;2020-01-05T16:40:15;Intelligent Soft;disintermediate;facilitate;https://ludie.name
8;81082;80154;New York compress;24884;Orchestrator;Ergonomic Concrete Ball;2020-01-06T06:38:25;2020-01-05T12:40:20;Cambridgeshire fuchsia;Virtual;2020-01-06T08:28:13;Saint Helena Pound Borders;Auto Loan Account;Intelligent Concrete Ball;circuit neural;2020-01-05T15:06:53;Maryland Paradigm Borders;Ways multi-byte deposit;generating;http://anais.org
9;47758;12980;fuchsia portal;82397;fault-tolerant;supply-chains multi-byte explicit;2020-01-05T11:28:16;2020-01-06T04:02:45;Auto Loan Account application withdrawal;Rwanda Franc Cheese open system;2020-01-05T10:44:41;Total;Division Wells strategize;Denmark systemic Operations;synthesize deposit New York;2020-01-05T17:00:13;Diverse;synthesize;Assistant;https://lonnie.info
10;11021;96685;Home Maryland;28233;payment;best-of-breed monitor Bedfordshire;2020-01-05T19:37:54;2020-01-06T05:42:33;Mississippi;Music Savings Account;2020-01-06T06:30:02;deposit;Program connecting;Handcrafted Frozen Bacon;Enterprise-wide Car redundant;2020-01-05T20:44:22;engineer Canyon Canada;leading-edge Kuwaiti Dinar Handmade Wooden Sausages;Pizza artificial intelligence;http://alvera.name
