id;user_name;payment_method;order_id;amount;api_name;request_time;request_body;response_time;response_body;return_code;return_message;transaction_id;debit_bank_code;debit_bank_account;created_time
1;Steel Integration Computer;copying;reboot Algerian Dinar;web-enabled Bedfordshire Program;Florida auxiliary;2020-01-13T09:21:44;TCP Drives Sports;2020-01-14T02:58:43;Solutions;cultivate Savings Account New Jersey;Saint Helena;Open-architected integrate;e-markets;Coordinator turquoise Ameliorated;2020-01-13T11:43:26
2;Accountability;Jewelery Mountain transmitting;Rubber array turn-key;database back-end experiences;Books;2020-01-14T04:12:37;Peso Uruguayo Uruguay Peso en Unidades Indexadas schemas pricing structure;2020-01-14T03:55:04;deposit technologies;Health;Bedfordshire;Product;connect panel e-markets;Fantastic Versatile;2020-01-13T21:27:57
3;Open-source;Regional;Arkansas;middleware Personal Loan Account transmitter;blue Home Loan Account;2020-01-13T08:50:25;Indiana navigate Books;2020-01-13T12:26:57;Vista;Synchronised Small Rubber;Kuwait firewall mindshare;port Unbranded Frozen Tuna;Virginia Automotive Crossroad;Tennessee Product;2020-01-14T02:10:36
4;yellow;bifurcated;haptic;dynamic;Credit Card Account;2020-01-13T18:27:10;zero defect Belgium;2020-01-13T14:34:01;synthesizing Gorgeous Frozen Shirt focus group;withdrawal;Applications Rustic;Madagascar;cross-platform Fresh;navigating Central;2020-01-13T13:45:19
5;Oklahoma SSL;sexy Shirt Micronesia;Outdoors;content Configuration niches;optimize Operations;2020-01-14T05:58:45;Licensed Wooden Ball strategy bifurcated;2020-01-13T12:10:49;Ball technologies Auto Loan Account;yellow channels cutting-edge;Incredible flexibility Money Market Account;Garden alarm indigo;innovative calculating;UIC-Franc;2020-01-13T09:26:24
6;online;cohesive Investment Account;Colombian Peso Unidad de Valor Real Rustic Decentralized;copy feed circuit;Money Market Account Falkland Islands (Malvinas);2020-01-14T06:57:48;Ergonomic Virginia;2020-01-13T22:05:08;View;Brand unleash;granular Specialist;Gorgeous Cotton Keyboard;Officer GB Investment Account;payment Generic;2020-01-13T19:06:36
7;Markets Steel 6th generation;frictionless;Factors Wooden frictionless;Virginia;Assurance;2020-01-14T00:41:23;grid-enabled;2020-01-14T00:18:59;Handcrafted Cotton Sausages maroon intermediate;Monitored;Kansas Orchestrator Architect;deposit feed;Buckinghamshire Gold Generic;generate primary;2020-01-13T20:40:15
8;Self-enabling invoice enterprise;Somali Shilling back up Tools;experiences Steel;Central;XML;2020-01-13T08:01:03;payment multi-state ROI;2020-01-13T08:37:21;grid-enabled Virginia copying;plum Solomon Islands Dollar;Soap;Savings Account;Administrator seamless;online Regional Costa Rican Colon;2020-01-13T20:29:42
9;Program Incredible Soft Ball Nebraska;transition;Keyboard;extensible;withdrawal Louisiana;2020-01-13T20:24:08;bluetooth;2020-01-13T23:07:56;generating cyan exploit;vortals override;Soft wireless green;AI Chile Savings Account;matrix yellow;interface;2020-01-14T02:38:20
10;online;Home Loan Account Rubber;Intelligent;Investor Radial;New Mexico white cross-media;2020-01-13T07:53:14;Concrete Integration;2020-01-13T08:55:40;Computers;Customer-focused payment mobile;neural Books;Generic web services Fork;partnerships;iterate;2020-01-13T20:58:54
