id;division_name;remark;completed_remark
1;enable Cotton digital;Corporate innovate;white
2;quantify;Licensed Granite Pizza Handcrafted;neural models
3;Gloves compress;transition Credit Card Account hard drive;Baby Mobility
4;neural;Vision-oriented blue;sky blue
5;Strategist connecting;Generic Steel Table encoding;Rubber program synergies
6;Home Loan Account Executive analyzing;executive;implement
7;teal;Automotive Ball CSS;deposit
8;pixel Implementation Pants;program North Carolina;XSS Function-based
9;Refined Berkshire Bedfordshire;data-warehouse Saint Helena Pound;quantifying deposit magenta
10;scale enterprise Small;EXE;harness payment experiences
