id;device_type;created_time;req_personal_no;req_birthday;req_visit_date;req_shift_code;req_division_code;req_clinic_code;req_doctor_emp_no;req_is_public_name;req_is_bypass_first_visit_check;res_status;res_title;res_path;res_message;res_birthday;res_patient_name;res_id_no;res_medical_note_no;res_division_code;res_division_name;res_doctor_emp_no;res_doctor_name;res_visit_date;res_display_visit_date_shift;res_display_clinic_name_category;res_visit_seq_no;res_suggested_arrival_time
1;auxiliary array fresh-thinking;2020-03-03T16:24:05;Virgin Islands, U.S.;Clothing;throughput SDD Manat;quantifying Global Metal;Licensed Metal Pizza;Sleek;Program microchip;Configuration;Lead;Avon deposit Generic Frozen Cheese;grey withdrawal;Mouse;tangible withdrawal digital;Investment Account XSS;Vista alarm;mission-critical;niches archive;Saudi Riyal;Clothing;Paradigm Fantastic invoice;indigo;Illinois teal Auto Loan Account;Sleek Plastic Gloves utilisation;collaborative panel;deposit cross-media application;Investment Account
2;5th generation Central;2020-03-03T10:48:25;24 hour digital Metrics;payment;Virgin Islands, U.S. Savings Account Maine;application Investment Account generate;scale Borders Bike;Response visualize Refined Steel Computer;tan;Branding;orchestrate;Soap plum;Table;Customer;Rhode Island conglomeration Metal;Visionary;Tasty sensor;CFP Franc Plastic;SMS deposit Extended;Programmable;Architect Health;Cotton methodologies;system Generic Rubber Salad Egyptian Pound;Home Loan Account mobile Engineer;USB 24/365;Table bus Wooden;1080p ROI;sexy
3;mesh;2020-03-03T21:26:44;Future-proofed;Bacon Avon Creative;Kuwait;Virgin Islands, U.S.;transmit Key;virtual Home Loan Account Pennsylvania;Table Divide functionalities;National;Arkansas methodologies;visionary;optical Granite;collaboration Games Money Market Account;Prairie ivory;Home;Cambridgeshire syndicate Plastic;workforce Buckinghamshire;Berkshire Orchard;Research Outdoors payment;contingency;payment;Investment Account responsive Practical Frozen Gloves;India mobile Borders;magenta;Legacy;optimal sky blue;International Producer
4;input;2020-03-03T14:25:57;Wisconsin microchip Mobility;Place Global COM;help-desk;Technician payment;backing up;Developer Lesotho;Borders Bedfordshire;Baby;New Jersey deposit;green pink payment;connect Kentucky Gorgeous;Cambridgeshire West Virginia deliver;Enterprise-wide French Polynesia Reduced;Ports;Checking Account parsing;program Profit-focused;deposit Investment Account;Hat Dominica Fantastic Soft Computer;Grocery redundant;empower Sleek Generic;regional strategize;Accountability;Handcrafted Plastic Chips Handmade;Beauty;North Korean Won Concrete compress;Cambridgeshire clicks-and-mortar
5;system SMTP Organized;2020-03-03T14:11:33;Ergonomic Metal Chicken;Generic;bypass panel;bifurcated Berkshire;orchestrate;sky blue;RSS multi-byte Intelligent Soft Bacon;Kentucky optical turn-key;synthesizing AI;plug-and-play Wooden systemic;granular Summit input;Virginia;Future Illinois RAM;New Israeli Sheqel Producer;compressing Kids Steel;Concrete Handmade Cotton Shoes;Data executive Awesome Steel Pants;Squares;Customer-focused Assurance transmitting;Savings Account;bluetooth Borders;Utah parsing Handmade Rubber Gloves;Checking Account;Plastic;Licensed Wooden Hat homogeneous multi-byte;user-facing driver
6;Senior Ergonomic Licensed Granite Pants;2020-03-03T18:38:35;Fresh rich;SDD Clothing;mindshare;secured line mobile;contextually-based;Fresh Manager uniform;enable District;copy bus;Integration navigating;Customizable Tuna innovate;attitude-oriented Guinea;Wooden iterate;background;Sleek Investment Account;Ameliorated;Unbranded;Creek Inverse experiences;cross-platform Unbranded Concrete Chair digital;parsing back-end;program Shoes;Practical;Dynamic Shoes;connecting;Supervisor leverage District;magenta Corporate alarm;Egyptian Pound Global
7;China holistic Table;2020-03-04T00:35:16;Panama;alarm European Monetary Unit (E.M.U.-6) Djibouti;Security Tools;fuchsia parse plum;Credit Card Account Designer Agent;Kenyan Shilling;Fresh Self-enabling cross-media;payment IB programming;web services executive;teal zero administration alarm;Beauty architect;multi-byte object-oriented;Saint Helena Pound;encompassing Marshall Islands;bluetooth analyzing;Checking Account Optional;Personal Loan Account;Unbranded;Tugrik Applications;Connecticut;THX Buckinghamshire;index content;array uniform;Handcrafted Concrete Pizza COM;Tunnel Small Accounts;transform withdrawal bypass
8;AGP Handcrafted scale;2020-03-03T18:19:32;indexing;invoice calculate back-end;Auto Loan Account Architect;Metal Product;Tenge;Fantastic;Ball Fantastic Metal Mouse;Tools Home Factors;Flats;calculate;digital Belarussian Ruble;cross-platform Rubber mission-critical;cyan;Personal Loan Account Bond Markets Units European Composite Unit (EURCO) Dynamic;withdrawal Chief;interactive bypassing Keyboard;Borders Technician Branding;Turnpike calculating Regional;deploy Cambridgeshire Fully-configurable;zero defect primary Wooden;Northern Mariana Islands red deposit;Louisiana;backing up quantify withdrawal;primary Mouse Montana;invoice Common Senior;quantify Producer
9;engage Generic Wooden Cheese Baby;2020-03-03T12:19:55;Ergonomic;Aruban Guilder;Tuna Infrastructure;Robust;Cotton;gold Azerbaijan Investment Account;Designer bypassing Iraqi Dinar;communities Bedfordshire;generating eyeballs Iowa;compressing Home Loan Account;Corporate withdrawal;Division Cambridgeshire;Configuration;Wooden quantify;Russian Ruble;invoice Outdoors Internal;Ball;ROI;index digital;ability Fantastic Station;Incredible system engine indexing;uniform;synthesizing Intelligent;override Intelligent Granite Ball;transmitter Virgin Islands, British Borders;Ergonomic Rubber Sausages
10;Manager Regional;2020-03-03T14:42:00;Auto Loan Account Bedfordshire Martinique;Response Towels Technician;Berkshire;Future;efficient morph Games;Ohio;Lilangeni;Georgia;Executive;Pine;De-engineered;ivory Product;Consultant Common Customer;installation bus;monitor interactive multi-byte;Triple-buffered;Hat;Investor;Avon neural;complexity pink;ivory;synthesizing synergistic;USB;Lead Generic Granite Pants;Rustic functionalities;redundant
